"","x"
"1","Gra o tron STARCIE KRÓLÓW Martin o. twarda film."
"2","Gra o Tron Starcie Królów Nawałnica Mieczy"
"3","GRA O TRON STARCIE KRÓLÓW NAWAŁNICA UCZTA  Martin"
"4","Gra o tron STARCIE KRÓLÓW Martin o. miękka film."
"5","GRA O TRON STARCIE KRÓLÓW NAWAŁNICA MIECZY komplet"
"6","Gra o tron TANIEC ZE SMOKAMI CZ. I MARTIN miękka"
"7","PIEŚŃ LODU I OGNIA GRA O TRON TANIEC ZE SMOKAMI 1"
"8","TWARDA GRA O TRON Taniec ze smokami. TOM 1 WYS 24H"
"9","GRA O TRON Taniec ze smokami. TOM 2 - NOWA WYS 24H"
"10","PIEŚŃ LODU I OGNIA GRA O TRON TANIEC ZE SMOKAMI 1"
"11","Gra o tron NAWAŁNICA MIECZY TOM 2 KREW I ZŁOTO TW."
"12","gra o tron NAWAŁNICA MIECZY tom 1 STAL I ŚNIEG"
"13","gra o tron NAWAŁNICA MIECZY tom 1 STAL I ŚNIEG"
"14","gra o tron NAWAŁNICA MIECZY KREW I ZŁOTO twarda"
"15","gra o tron NAWAŁNICA MIECZY KREW I ZŁOTO miękka"
"16","GRA O TRON Uczta dla wron Cienie śmierci"
"17","GRA O TRON UCZTA DLA WRON CIENIE ŚMIERCI+SIEĆ SPIS"
"18","GRA O TRON UCZTA DLA WRON CIENIE ŚMIERCI+SIEĆ SPIS"
"19","GRA O TRON UCZTA DLA WRON 1+2+Świat Lodu i Ognia"
"20","Gra o Tron Uczta dla wron.Sieć spisków G.MARTIN"
"21","Tolkien Silmarillion Skibniewska wyd.1 1985 WAWA"
"22","J.R.R. Tolkien Silmarillion wyd Uzupełnione Twarda"
"23","TOLKIEN SILMARILLION WYD.UZUP il NASMITH AMBER D2"
"24","J.R.R. Tolkien Silmarillion TWARDA NOWA"
"25","Tolkien SILMARILLION 1985"
"26","J.R.R. Tolkien Hobbit Twarda Oprawa Lee"
"27","J.R.R. TOLKIEN HOBBIT !"
"28","J.R.R. Tolkien Hobbit"
"29","J.R.R. Tolkien Hobbit czyli tam i z powrotem"
"30","J.R.R. Tolkien Hobbit Twarda Oprawa Lee"
"31","Tolkien Dwie wieże Skibniewska 1981 WAWA"
"32","Tolkien Dwie Wieże tł Skibniewska  V3"
"33","WŁADCA PIERŚCIENI TOLKIEN DWIE WIEŻE 2002 TWARDA"
"34","Tolkien Dwie Wieże"
"35","TOLKIEN Dwie Wieże wydanie Czytelnika /WAWA"
"36","WŁADCA PIERŚCIENI BRACTWO PIERŚCIENIA Tolkien"
"37","Władca Pierścieni Bractwo Pierścienia + Dwie wieże"
"38","WŁADCA PIERŚCIENI BRACTWO PIERŚCIENIA TOLKIEN OPIS"
"39","Władca pierścieni Bractwo pierścienia Tolkien SM"
"40","Władca Pierścieni Bractwo Pierścienia - Tolkien"
"41","Andrzej Sapkowski Wieża Jaskółki NOWA"
"42","ANDRZEJ SAPKOWSKI WIEŻA JASKÓŁKI OKAZJA S"
"43","Andrzej Sapkowski WIEŻA JASKÓŁKI wyd. 1 ? 1997"
"44","x ANDRZEJ SAPKOWSKI WIEŻA JASKÓŁKI"
"45","Andrzej Sapkowski Wieża Jaskółki"
"46","WIEDŹMIN Sapkowski SEZON BURZ autograf ZURICH 2014"
"47","Andrzej Sapkowski SEZON BURZ WIEDŹMIN"
"48","Sapkowski SEZON BURZ - B.Dobry -W-wa"
"49","ANDRZEJ SAPKOWSKI Sezon burz Wiedźmin"
"50","WIEDŹMIN PAKIET 8 TOMÓW SAPKOWSKI SEZON BURZ"
"51","Andrzej Sapkowski Miecz przeznaczenia"
"52","Andrzej Sapkowski Miecz Przeznaczenia NOWA"
"53","Andrzej Sapkowski Miecz Przeznaczenia NOWA *"
"54","Andrzej Sapkowski Miecz Przeznaczenia Biała Opowia"
"55","Sapkowski Miecz przeznaczenia OKAZJA SV3/1"
"56","WIEDŹMIN OSTATNIE ŻYCZENIE + MIECZ PRZEZNACZENIA"
"57","Wiedźmin Ostatnie życzenie Sapkowski Andrzej NOWA"
"58","WIEDŹMIN OSTATNIE ŻYCZENIE + MIECZ PRZEZNACZENIA"
"59","Wiedźmin Ostatnie życzenie Andrzej Sapkowski"
"60","Wiedźmin Ostatnie życzenie POLSKIE FANTASY HIT"
"61","Star Wars. Lordowie Sithów  - Paul S. Kemp"
"62","Star Wars. Lordowie Sithów - Paul S. Kemp"
"63","STAR WARS. LORDOWIE SITHÓW - Paul S. Kemp (KSIĄŻKA"
"64","Star Wars. Lordowie Sithów - Paul S. Kemp"
"65","Star Wars. Lordowie Sithów - Paul S. Kemp"
"66","Star Wars. Powrót Jedi. Strzeż s... - Angeleberger"
"67","Powrót Jedi Kahn James bdb"
"68","STAR WARS POWRÓT JEDI  KAHN JAMES 2016"
"69","x JAMES KAHN POWRÓT JEDI"
"70","Star Wars. Powrót Jedi. Strzeż się potęgi ciemnej"
"71","Katalizator Star Wars Łotr 1 - James Luceno"
"72","STAR WARS Łotr 1. Star Wars Historie"
"73","KATALIZATOR STAR WARS ŁOTR 1 (GWIEZDNE WOJNY) - Ja"
"74","Historie Star Wars Łotr 1 - Alexander Freed"
"75","Historie Star Wars Łotr 1 - Alexander Freed"
"76","Star Wars Przeznaczenie Jedi Apokalipsa"
"77","Star Wars Przeznaczenie Jedi Tom 3 Otchłań"
"78","Star Wars Przeznaczenie Jedi Odwet"
"79","Star Wars Przeznaczenie Jedi Sojusznicy"
"80","Star Wars Przeznaczenie Jedi Tom 2 Omen"
"81","ASSASSIN'S CREED RENESANS Oliver Bowden"
"82","Assassin`s Creed Renesans Oliver Bowden  3 TOMY"
"83","ASSASSIN'S CREED RENESANS  Bowden    NOWA  WOW 1"
"84","ASSASSIN'S CREED RENESANS"
"85","BOWDEN ASSASSIN`S CREED RENESANS"
"86","Assassin's Creed Czarna Bandera + Oficjalny album"
"87","ASSASSIN`S CREED CZARNA BANDERA OLIVER BOWDEN NOWA"
"88","Assassin S Creed Czarna Bandera - Bowden Oliver"
"89","ASSASSIN'S CREED CZARNA BANDERA Bowden  NOWA WOW 1"
"90","Assassin's Creed Czarna Bandera t6 FANTASY BOWDEN"
"91","Assassins Creed Bractwo Oliver Bowden tom 2"
"92","ASSASSIN`S CREED BRACTWO OLIVER BOWDEN NOWA"
"93","Monopoly Assassin's GRA PLANSZOWA+ Creed Bractwo"
"94","Assassin`s Creed Bractwo Oliver Bowden Fantasy"
"95","ASSASSIN`S CREED BRACTWO OLIVER BOWDEN NOWA"
"96","ASSASSIN S CREED POJEDNANIE - Oliver Bowden KSIĄŻK"
"97","Assasin's Creed Pojednanie - Oliver Bowden"
"98","Assassins Creed Pojednanie Bowden"
"99","ASSASSINS CREED POJEDNANIE Oliver Bowden Gdańsk"
"100","ASSASSIN S CREED POJEDNANIE - Oliver Bowden (KSIĄŻ"
